<?xml version="1.0" encoding="UTF-8"?>
<BIF VERSION="0.3"  xmlns="http://www.cs.ubc.ca/labs/lci/fopi/ve/XMLBIFv0_3"
	xmlns:xsi="http://www.w3.org/2001/XMLSchema-instance"
	xsi:schemaLocation="http://www.cs.ubc.ca/labs/lci/fopi/ve/XMLBIFv0_3 http://www.cs.ubc.ca/labs/lci/fopi/ve/XMLBIFv0_3/XMLBIFv0_3.xsd">
<NETWORK>
<NAME>Nuclear Power Station</NAME>
<PROPERTY>short = </PROPERTY>
<PROPERTY>detailed = </PROPERTY>

<VARIABLE TYPE="nature">
	<NAME>WaterLeak</NAME>
	<OUTCOME>T</OUTCOME>
	<OUTCOME>F</OUTCOME>
	<PROPERTY>position = (7629.69384765625, 5167.67333984375)</PROPERTY>
</VARIABLE>

<VARIABLE TYPE="nature">
	<NAME>WaterLeakWarning</NAME>
	<OUTCOME>T</OUTCOME>
	<OUTCOME>F</OUTCOME>
	<PROPERTY>position = (7706.779296875, 5299.63330078125)</PROPERTY>
</VARIABLE>

<VARIABLE TYPE="nature">
	<NAME>IcyWeather</NAME>
	<OUTCOME>T</OUTCOME>
	<OUTCOME>F</OUTCOME>
	<PROPERTY>position = (7629.69384765625, 5047.4716796875)</PROPERTY>
</VARIABLE>

<VARIABLE TYPE="nature">
	<NAME>PumpFailure</NAME>
	<OUTCOME>T</OUTCOME>
	<OUTCOME>F</OUTCOME>
	<PROPERTY>position = (7370.99951171875, 5165.06005859375)</PROPERTY>
</VARIABLE>

<VARIABLE TYPE="nature">
	<NAME>PumpFailureWarning</NAME>
	<OUTCOME>T</OUTCOME>
	<OUTCOME>F</OUTCOME>
	<PROPERTY>position = (7295.220703125, 5297.0205078125)</PROPERTY>
</VARIABLE>

<VARIABLE TYPE="nature">
	<NAME>Meltdown</NAME>
	<OUTCOME>T</OUTCOME>
	<OUTCOME>F</OUTCOME>
	<PROPERTY>position = (7482.05517578125, 5418.5283203125)</PROPERTY>
</VARIABLE>

<VARIABLE TYPE="nature">
	<NAME>BatteryWorks</NAME>
	<OUTCOME>T</OUTCOME>
	<OUTCOME>F</OUTCOME>
	<PROPERTY>position = (7834.0, 5084.0)</PROPERTY>
</VARIABLE>

<VARIABLE TYPE="nature">
	<NAME>RadioWorks</NAME>
	<OUTCOME>T</OUTCOME>
	<OUTCOME>F</OUTCOME>
	<OBS>F</OBS>
	<PROPERTY>position = (7777.0, 5166.0)</PROPERTY>
</VARIABLE>

<VARIABLE TYPE="nature">
	<NAME>IgnitionWorks</NAME>
	<OUTCOME>T</OUTCOME>
	<OUTCOME>F</OUTCOME>
	<PROPERTY>position = (7920.0, 5166.0)</PROPERTY>
</VARIABLE>

<VARIABLE TYPE="nature">
	<NAME>Gas</NAME>
	<OUTCOME>T</OUTCOME>
	<OUTCOME>F</OUTCOME>
	<PROPERTY>position = (8085.0, 5080.0)</PROPERTY>
</VARIABLE>

<VARIABLE TYPE="nature">
	<NAME>CarStarts</NAME>
	<OUTCOME>T</OUTCOME>
	<OUTCOME>F</OUTCOME>
	<PROPERTY>position = (7986.0, 5260.0)</PROPERTY>
</VARIABLE>

<VARIABLE TYPE="nature">
	<NAME>CarMoves</NAME>
	<OUTCOME>T</OUTCOME>
	<OUTCOME>F</OUTCOME>
	<PROPERTY>position = (7992.0, 5349.0)</PROPERTY>
</VARIABLE>

<VARIABLE TYPE="nature">
	<NAME>OwnerSurvives</NAME>
	<OUTCOME>T</OUTCOME>
	<OUTCOME>F</OUTCOME>
	<PROPERTY>position = (7922.0, 5522.0)</PROPERTY>
</VARIABLE>

<VARIABLE TYPE="nature">
	<NAME>BycicleWorks</NAME>
	<OUTCOME>T</OUTCOME>
	<OUTCOME>F</OUTCOME>
	<PROPERTY>position = (8187.0, 5353.0)</PROPERTY>
</VARIABLE>

<DEFINITION>
	<FOR>WaterLeak</FOR>
	<GIVEN>IcyWeather</GIVEN>
	<TABLE>0.2 0.8 0.1 0.9</TABLE>
</DEFINITION>

<DEFINITION>
	<FOR>WaterLeakWarning</FOR>
	<GIVEN>WaterLeak</GIVEN>
	<TABLE>0.9 0.1 0.05 0.95</TABLE>
</DEFINITION>

<DEFINITION>
	<FOR>IcyWeather</FOR>
	<TABLE>0.05 0.95</TABLE>
</DEFINITION>

<DEFINITION>
	<FOR>PumpFailure</FOR>
	<TABLE>0.1 0.9</TABLE>
</DEFINITION>

<DEFINITION>
	<FOR>PumpFailureWarning</FOR>
	<GIVEN>PumpFailure</GIVEN>
	<TABLE>0.9 0.1 0.05 0.95</TABLE>
</DEFINITION>

<DEFINITION>
	<FOR>Meltdown</FOR>
	<GIVEN>WaterLeak</GIVEN>
	<GIVEN>PumpFailure</GIVEN>
	<TABLE>0.2 0.8 0.1 0.9 0.15 0.85 0.001 0.999</TABLE>
</DEFINITION>

<DEFINITION>
	<FOR>BatteryWorks</FOR>
	<GIVEN>IcyWeather</GIVEN>
	<TABLE>0.8 0.2 0.95 0.05</TABLE>
</DEFINITION>

<DEFINITION>
	<FOR>RadioWorks</FOR>
	<GIVEN>BatteryWorks</GIVEN>
	<TABLE>0.95 0.05 0.0 1.0</TABLE>
</DEFINITION>

<DEFINITION>
	<FOR>IgnitionWorks</FOR>
	<GIVEN>BatteryWorks</GIVEN>
	<TABLE>0.95 0.05 0.0 1.0</TABLE>
</DEFINITION>

<DEFINITION>
	<FOR>Gas</FOR>
	<TABLE>0.95 0.05</TABLE>
</DEFINITION>

<DEFINITION>
	<FOR>CarStarts</FOR>
	<GIVEN>IgnitionWorks</GIVEN>
	<GIVEN>Gas</GIVEN>
	<TABLE>0.95 0.05 0.0 1.0 0.0 1.0 0.0 1.0</TABLE>
</DEFINITION>

<DEFINITION>
	<FOR>CarMoves</FOR>
	<GIVEN>CarStarts</GIVEN>
	<TABLE>0.95 0.05 0.0 1.0</TABLE>
</DEFINITION>

<DEFINITION>
	<FOR>OwnerSurvives</FOR>
	<GIVEN>Meltdown</GIVEN>
	<GIVEN>CarMoves</GIVEN>
	<GIVEN>BycicleWorks</GIVEN>
	<TABLE>0.9 0.1 0.8 0.2 0.6 0.4 0.0 1.0 1.0 0.0 1.0 0.0 1.0 0.0 1.0 0.0</TABLE>
</DEFINITION>

<DEFINITION>
	<FOR>BycicleWorks</FOR>
	<TABLE>0.9 0.1</TABLE>
</DEFINITION>
</NETWORK>
</BIF>
