<?xml version="1.0" encoding="windows-1252"?>
<BIF VERSION="0.3" xmlns="http://www.cs.ubc.ca/labs/lci/fopi/ve/XMLBIFv0_3" xmlns:xsi="http://www.w3.org/2001/XMLSchema-instance" xsi:schemaLocation="http://www.cs.ubc.ca/labs/lci/fopi/ve/XMLBIFv0_3 http://www.cs.ubc.ca/labs/lci/fopi/ve/XMLBIFv0_3/XMLBIFv0_3.xsd">
<NETWORK>
<NAME>Nuclear Power Station</NAME>
<VARIABLE TYPE="nature">
   <NAME>WaterLeak</NAME>
   <OUTCOME>T</OUTCOME>
   <OUTCOME>F</OUTCOME>
   <PROPERTY>position = (53.0, -52.0)</PROPERTY>
</VARIABLE>

<VARIABLE TYPE="nature">
   <NAME>WaterLeakWarning</NAME>
   <OUTCOME>T</OUTCOME>
   <OUTCOME>F</OUTCOME>
   <PROPERTY>position = (112.0, 49.0)</PROPERTY>
</VARIABLE>

<VARIABLE TYPE="nature">
   <NAME>IcyWeather</NAME>
   <OUTCOME>T</OUTCOME>
   <OUTCOME>F</OUTCOME>
   <PROPERTY>position = (53.0, -144.0)</PROPERTY>
</VARIABLE>

<VARIABLE TYPE="nature">
   <NAME>PumpFailure</NAME>
   <OUTCOME>T</OUTCOME>
   <OUTCOME>F</OUTCOME>
   <PROPERTY>position = (-145.0, -54.0)</PROPERTY>
</VARIABLE>

<VARIABLE TYPE="nature">
   <NAME>PumpFailureWarning</NAME>
   <OUTCOME>T</OUTCOME>
   <OUTCOME>F</OUTCOME>
   <PROPERTY>position = (-203.0, 47.0)</PROPERTY>
</VARIABLE>

<VARIABLE TYPE="nature">
   <NAME>Meltdown</NAME>
   <OUTCOME>T</OUTCOME>
   <OUTCOME>F</OUTCOME>
   <PROPERTY>position = (-60.0, 140.0)</PROPERTY>
</VARIABLE>


<DEFINITION>
   <FOR>WaterLeak</FOR>
   <GIVEN>IcyWeather</GIVEN>
   <TABLE> 0.2 0.8 0.1 0.9</TABLE>
</DEFINITION>

<DEFINITION>
   <FOR>WaterLeakWarning</FOR>
   <GIVEN>WaterLeak</GIVEN>
   <TABLE> 0.9 0.1 0.05 0.95</TABLE>
</DEFINITION>

<DEFINITION>
   <FOR>IcyWeather</FOR>
   <TABLE> 0.05 0.95</TABLE>
</DEFINITION>

<DEFINITION>
   <FOR>PumpFailure</FOR>
   <TABLE> 0.1 0.9</TABLE>
</DEFINITION>

<DEFINITION>
   <FOR>PumpFailureWarning</FOR>
   <GIVEN>PumpFailure</GIVEN>
   <TABLE> 0.9 0.1 0.05 0.95</TABLE>
</DEFINITION>

<DEFINITION>
   <FOR>Meltdown</FOR>
   <GIVEN>PumpFailure</GIVEN>
   <GIVEN>WaterLeak</GIVEN>
   <TABLE> 0.2 0.8 0.15 0.85 0.1 0.9 0.0010 0.999</TABLE>
</DEFINITION>


</NETWORK>
</BIF>